{
    "train_accs": [
        0.4611032531824611,
        0.48585572842998587,
        0.5189179632248939,
        0.5339462517680339,
        0.5498585572842999,
        0.5604667609618105,
        0.5705445544554455,
        0.576025459688826,
        0.5770862800565771,
        0.5880480905233381,
        0.5917609618104668,
        0.5954738330975955,
        0.6018387553041018,
        0.5997171145685997,
        0.6039603960396039,
        0.6057284299858557,
        0.6092644978783592,
        0.6101485148514851,
        0.612977369165488,
        0.6191654879773691,
        0.6251768033946252,
        0.6207567185289957,
        0.6262376237623762,
        0.6177510608203678,
        0.6301272984441302,
        0.6288896746817539,
        0.6235855728429985,
        0.6283592644978784,
        0.6326025459688827,
        0.629066478076379
    ],
    "train_losses": [
        1.367351959260662,
        1.3085056221886966,
        1.2617420333155085,
        1.227003673489174,
        1.1964530536298001,
        1.1773964113064026,
        1.1556678099578686,
        1.1396249278207844,
        1.1308365370450395,
        1.1080177466521102,
        1.1049346702822138,
        1.084500960419687,
        1.074143721816245,
        1.0820843081795768,
        1.0704973219485765,
        1.0554092667076025,
        1.0517946990688196,
        1.0463734182079187,
        1.0411311521958768,
        1.0257515411698417,
        1.020431198430865,
        1.0164705213536038,
        1.0110673830750283,
        1.025441592329004,
        1.001722618435206,
        0.9914803692464078,
        0.9948326322469818,
        0.9922144707669033,
        0.9818308105629482,
        0.979030393482594
    ],
    "eval_accs": [
        0.4695606140815246,
        0.5272631021704606,
        0.5415563790365273,
        0.5426151402858655,
        0.5606140815246162,
        0.5664372683959767,
        0.5616728427739545,
        0.5780836421386977,
        0.5780836421386977,
        0.5876124933827422,
        0.6008470089994706,
        0.6019057702488089,
        0.6003176283748015,
        0.6034939121228163,
        0.5992588671254632,
        0.6003176283748015,
        0.5929062996294335,
        0.6119640021175226,
        0.6161990471148756,
        0.606140815246162,
        0.6156696664902065,
        0.6135521439915299,
        0.6003176283748015,
        0.5939650608787719,
        0.6066701958708312,
        0.6257278983589201,
        0.6204340921122287,
        0.6220222339862361,
        0.625198517734251,
        0.6183165696135522
    ],
    "eval_losses": [
        1.3502404431502024,
        1.309102874994278,
        1.2689187049865722,
        1.2339573899904888,
        1.2054431438446045,
        1.1909428109725317,
        1.1946649114290873,
        1.177001275618871,
        1.1573106835285822,
        1.141828848918279,
        1.1281233936548234,
        1.1311431606610616,
        1.1243998239437738,
        1.1258835951487223,
        1.120004916191101,
        1.1060279250144958,
        1.1178628196318945,
        1.0872541854778925,
        1.0956743588050206,
        1.0938899199167886,
        1.0919749905665717,
        1.0824375063180924,
        1.0940317233403525,
        1.1212402075529098,
        1.0848761121431987,
        1.0639666428168615,
        1.0861983935038249,
        1.0661584426959356,
        1.0710663795471191,
        1.0633524398008982
    ]
}