{
    "train_accs": [
        0.46605374823196605,
        0.4718882602545969,
        0.48833097595473834,
        0.5061881188118812,
        0.5160891089108911,
        0.5245756718528995,
        0.5339462517680339,
        0.5521570014144271,
        0.5556930693069307,
        0.5654172560113154,
        0.5694837340876945,
        0.5666548797736917,
        0.5779702970297029,
        0.5843352192362093,
        0.5960042432814711,
        0.5937057991513437,
        0.5981258840169731,
        0.597949080622348,
        0.6039603960396039,
        0.6055516265912305,
        0.5945898161244696,
        0.6126237623762376,
        0.6078500707213579,
        0.6142149929278642,
        0.6034299858557284,
        0.606966053748232,
        0.6188118811881188,
        0.6168670438472419,
        0.6186350777934936,
        0.6198727015558698
    ],
    "train_losses": [
        1.3666899847180656,
        1.3310700119211432,
        1.2970811115222032,
        1.2651761877402832,
        1.2401557343729426,
        1.2218949366151617,
        1.2001657412293252,
        1.1779815105909712,
        1.1619437156098613,
        1.1472649801982922,
        1.1394259969839888,
        1.1358897217204063,
        1.1167974036731076,
        1.112047938148627,
        1.0946195500620295,
        1.0894155669748113,
        1.0800065143724507,
        1.0704187730724892,
        1.0612675627965606,
        1.0593306971399972,
        1.077357725480969,
        1.040890145837591,
        1.0426441350679718,
        1.0360621086667092,
        1.0496554146991688,
        1.0361749040946533,
        1.0131324449282013,
        1.0195500462242726,
        1.0227369867014082,
        1.0178311266256181
    ],
    "eval_accs": [
        0.4695606140815246,
        0.4880889359449444,
        0.5034409740603494,
        0.5214399152991,
        0.5193223928004235,
        0.5108523028057174,
        0.5622022233986236,
        0.5712016940179989,
        0.5685547908946532,
        0.5712016940179989,
        0.5712016940179989,
        0.5547908946532557,
        0.5839068290100582,
        0.5902593965060878,
        0.5918475383800953,
        0.5833774483853891,
        0.5982001058761249,
        0.5622022233986236,
        0.5860243515087348,
        0.5701429327686607,
        0.5950238221281101,
        0.5982001058761249,
        0.5844362096347274,
        0.5854949708840657,
        0.5913181577554262,
        0.5913181577554262,
        0.5934356802541026,
        0.5982001058761249,
        0.5892006352567496,
        0.5802011646373743
    ],
    "eval_losses": [
        1.3668964366118113,
        1.3431470195452373,
        1.3079400877157847,
        1.2755520661671957,
        1.2559500336647034,
        1.2595423261324565,
        1.223913065592448,
        1.1980541964372,
        1.186674988269806,
        1.1788838783899942,
        1.194456434249878,
        1.1915661772092183,
        1.1566094656785328,
        1.1674348175525666,
        1.1541480541229248,
        1.1599463870127995,
        1.136713792880376,
        1.1848841766516367,
        1.1608453472455342,
        1.1749255120754243,
        1.1381253510713578,
        1.1380715797344843,
        1.161848815282186,
        1.1423132797082265,
        1.1536550283432008,
        1.12920636733373,
        1.132992567618688,
        1.1482289671897887,
        1.1394791384538014,
        1.1858240107695261
    ]
}