{
    "train_accs": [
        0.8361918213613129,
        0.9141444713478611,
        0.9504977132095777,
        0.976425881086898,
        0.9901802528921173,
        0.996031746031746,
        0.9987557169760559,
        0.9995964487489911,
        0.9999663707290826,
        1.0
    ],
    "train_losses": [
        0.37957820622450295,
        0.22786186533168662,
        0.14889291843375424,
        0.08486790585735325,
        0.04349570766954719,
        0.02178576454927929,
        0.010238410738124933,
        0.004258919984917656,
        0.00179415209982804,
        0.00047998583947794006
    ],
    "eval_accs": [
        0.8753,
        0.8838,
        0.8834,
        0.8826,
        0.8827,
        0.8808,
        0.8806,
        0.8806,
        0.876,
        0.8821
    ],
    "eval_losses": [
        0.3198185630991489,
        0.29385414238594754,
        0.30841798108967045,
        0.33175930173336704,
        0.3689049549778051,
        0.4229365108133871,
        0.4707803189565864,
        0.5529299354345738,
        0.5723836481854131,
        0.5837487423721748
    ]
}