{
    "train_accs": [
        0.9086851851851852,
        0.973,
        0.9793148148148149,
        0.9837962962962963,
        0.9867592592592592,
        0.9886851851851852,
        0.9904259259259259,
        0.9917407407407407,
        0.9926296296296296,
        0.9928703703703704
    ],
    "train_losses": [
        0.301619022372907,
        0.08744534115379862,
        0.067161241573446,
        0.05377666218058974,
        0.04642635374873095,
        0.040447141604888,
        0.035369134388759264,
        0.030678480151370004,
        0.028761271730693767,
        0.027027270649347984
    ],
    "eval_accs": [
        0.9663333333333334,
        0.9781666666666666,
        0.9855,
        0.9826666666666667,
        0.9841666666666666,
        0.9853333333333333,
        0.987,
        0.9841666666666666,
        0.9861666666666666,
        0.9875
    ],
    "eval_losses": [
        0.11653046060274257,
        0.07673467386345517,
        0.06004950754465833,
        0.07014302012016452,
        0.07104264953987366,
        0.06666526724253112,
        0.05908250125317631,
        0.07650327604830075,
        0.06241647036477708,
        0.07130297165137098
    ]
}